{"data": [{"id": 0, "pred": 0, "prob": 0.0018322250107303262}, {"id": 1, "pred": 1, "prob": 0.9245011210441589}]}